"","year","tows","1_mean","1_se","2_mean","2_se","3_mean","3_se","4_mean","4_se","5_mean","5_se"
"1",2006,3,1,0,0,0,0,0,0,0,0,0
"2",2007,4,0.991847826086957,0.00815217391304349,0.00815217391304348,0.00815217391304348,0,0,0,0,0,0
"3",2008,5,0.911111111111111,0.0888888888888889,0,0,0.0888888888888889,0.0888888888888889,0,0,0,0
"4",2009,14,0.749127875815182,0.109581772850731,0.00602404123854809,0.00262583086319145,0.0133170485315554,0.0085670024914455,0.112021159340929,0.0768721014570066,0.119509875073785,0.0763289215624117
"5",2011,19,0.919924271113845,0.0552104079532007,0.0210526315789474,0.0210526315789474,0,0,0.0526315789473684,0.0526315789473684,0.0063915183598392,0.00321492962785118
"6",2012,28,0.893268671928117,0.0441787890358009,0.0293542875865943,0.0139049841231282,0,0,0.0695965378021127,0.0394944000689345,0.00778050268317578,0.00523082132746783
"7",2013,30,0.959872260158839,0.0332885864855534,0.0016260162601626,0.0016260162601626,0.000340136054421769,0.000340136054421769,0.000200803212851406,0.000200803212851406,0.0379607843137255,0.0333326937853772
"8",2017,16,0.978298611111111,0.0207935093909905,0,0,0,0,0.0217013888888889,0.0207935093909905,0,0
