"","Var1","Freq"
"1","b",16.6666666666667
"2","f",33.3333333333333
"3","p",50
