"","Year","n","Dead eggs not apparent","Dead eggs < 20%","Dead eggs >20%","Barren with clean silky setae","Barren with matted setae"
"1","2006",35,1,0,0,0,0
"2","2007",100,0.97,0.03,0,0,0
"3","2008",125,0.968,0,0.032,0,0
"4","2009",838,0.94272076372315,0.00835322195704057,0.0369928400954654,0.00596658711217184,0.00596658711217184
"5","2011",397,0.972292191435768,0.0100755667506297,0,0.00251889168765743,0.0151133501259446
"6","2012",566,0.957597173144876,0.0159010600706714,0,0.0159010600706714,0.0106007067137809
"7","2013",1353,0.991869918699187,0.00147819660014782,0.00073909830007391,0.00073909830007391,0.00517368810051737
"8","2017",256,0.98828125,0,0,0.01171875,0
